information,,,,,Lame cuivre,,Lame isolant,,Enclume cuivre,,Enclume isolant,,"lame de denudage 
(par jeux)"
N°,"Ref° Applicateur
TEC","Constructeur
","   Ref° TERMINAL 
Fornisseur","Ref° TERMINAL
 TEC",Ref°,Quantité,Ref°,Quantité,Ref°,Quantité,Ref°,Quantité,Quantité  
1,EQUIP449/A38C,WEIJONG/WJ-1800S,M34S75C4F2,270615860,3.0*1.4,0,2.6*1.6,0,3.2*1.4,0,2.6*1.6,0,0
2,EQUIP467/A38,WEIJONG/ 3 T,1060-16-0122,270608560,2.4*2.8,5,3.5*3.2,6,2.6*2.8,5,3.5*3.2,5,6
,,,,270608760,,,,,,,,,
3,EQUIP469/A39,WEIJONG/ 3 T,1060-16-1222,270610660,3.6*2.8,6,3.8*3.2,6,3.8*2.8,5,3.8*3.2,5,6
,,,,270610680,,,,,,,,,
4,EQUIP471/A40,WEIJONG/WJ-1800S,4250000872,270567042,3.5*2.0,2,2.6*2.5,2,3.7*2.0,2,2.6*2.5,2,1
5,EQUIP470/A41,WEIJONG/ 3 T,4250000873,270567043,3.5*2.2,3,2.6*2.6,3,3.7*2.2,3,2.6*2.6,3,3
6,EQUIP472/A42,WEIJONG/WJ-1800S,1735801-1,270621880,1.4*1.3,0,1.5*1.5,2,1.6*1.3,2,1.5*1.5,2,2
7,EQUIP468/A43,WEIJONG/ 3 T,MEC7190766,270607660,4.0*2.4,3,5.0*3.2,3,4.8*2.4,3,5.0*3.2,3,1
8,A44,WEIJONG/WJ-1800S,1060-16-0622,270610170,2.4*2.4,2,3.5*2.6R,2,2.6*2.4,2,3.5*2.6,2,2
,,,1062-16-0622,270610160,,,,,,,,,
,,,1062-16-0644,270612620,,,,,,,,,1
9,A01,LINTECH,282403-1,270567021,991460463,0,991450300 F21,0,991270248 C21,0,991270249 H21,0,
10,A01-1,MECAL,282404_1,270567011,991460463,0,991450300 H22,1,991270248 C21,1,991270249 H21,1,
11,A02,LINTECH,282110_1,923919100,LPC00029,1,LPI00021,2,LEC00027,0,LEI00021,0,
12,A02-1,MECAL,282109_1,923921000,991460629 C22,1,991450359 L21,1,991270168 C21,1,991270249 H21,1,
13,A03,LINTECH,SC16M_1S31,270567111,LPC00033 ,1,,0,LEC00032,2,,0,
,,,SM16M_1S31,270567570,,,,,,,,,
14,A04,MECAL,926882_1,270567570,991460108,0,991450110,0,991270034,0,991270035,0,
15,A05,LINTECH,08_70_1031,923922200,LPC00036,2,LPI00030,1,LEC00035,1,LEI00029,1,
16,A06,MECAL,08_50_0031,270554240,991460118,3,991450112,2,991273259,2,991270084,2,
17,A07,MECAL,68800113722,#####,991460349,1,991450313,1,991270545,0,991270546,1,
18,A08,MECAL,39_00_0077,270607530,,0,,0,,0,,0,
,,,39_00_0081,270607540,,,,,,,,,
19,A09,MECATRACTION,MEC7190766,270607660,108967,0,108970,0,108968,0,108969,0,
20,A10,MECAL,1062_16_0122,270608760,991460302,2,991450724,3,991270113,2,991270114,2,
,,,1060_16_0122,270608560,,,,,,,,,
21,A11,MECAL,1_66100_9,270610410,991460254,7,991450284,7,991270208,2,991271203,2,
,A11_1,,1_66098_8,270610400,,,,,,,,,
22,A12,MECAL,1060_20_0222,270608830,991460142,2,991450204,3,991270192,2,991270193,2,
,,,1062_20_0223,270609950,,,,,,,,,
23,A13,MECAL,4250000872,270567042,991461439,1,991450317,1,991270030,1,991271137,1,
24,A14,MECAL,964269_2,270608200,991460254,1,991450449,1,991270897,1,991270908,1,
25,A15,MECAL,1_968857_1,270608260,991460795,1,991452136,1,991270697,1,991270197,1,
26,A16,MECAL,1_962916_1,270608210,991460411,1,991450484,1,991270624,1,991270625,1,
27,A17,MECAL,1241380_1,270608000,991461508,1,991452067,1,991271422,1,991271419,1,
27,A18,MECAL,1062_16_0622,270610160,991462356,1,991450332,2,991271947,1,991271512,1,
,,,1060_16_0622,2706610170,,,,,,,,,
28,A19,MECAL,SVF_61T_P2.0,270611400,991460133,1,991450965,1,991273773,1,991272676,1,
29,A20,MECAL,SXH_001T_P0.6,270611430,991460796,1,991451815,1,991271426,1,991274478,1,
30,A21,MECAL,SVF_81T_P2.0,270611340,991460829,1,991450158,1,991270347,1,991273413,1,
31,A22,MECAL,770520_1,270600650,991460623,1,991450620,1,991273114,1,991270185,1,
,,,770520_3,270612540,,,,,,,,,
32,A23,MECAL,929939_1,270612730,991460254,1,991450411,1,991270240,1,991270705,1,
33,A24,MECAL,7_1452668_3,270620980,991461599,1,991451106,1,991272421,1,991270055,1,
34,A25,KRISTEN,15363934,270614380,PB Constructeur,0,,0,,0,,0,
35,A26,KRISTEN,12089188,270600550,,,,,,,,,
,,,12089040,270600460,PB Constructeur,0,,0,,0,,0,
,,,15344720,,,,,,,,,,
36,A27,SIROCCO,M34S75C4F2,270615860,3721538031,4,3721538051,3,3721538201,2,3721538211,2,
37,A28,MECAL,1703013_1,270609780,991460254,1,991450936,1,991270258,1,991270159,1,
,,,929989_1,270609770,,,,,,,,,
38,A29,MECAL,4250000873,270567043,99146025,1,991450466,1,991271042,1,991270209,1,
39,A30,MECAL,1060_16_1222,270610660,991460149,1,991450449,1,991270499,1,991270500,1,
,,,1062_16_1223,270610680,,,,,,,,,
40,A31,MECAL,1735801_1,270621880,991460349,1,1450372,3,991270545,2,991272495,3,
41,A32,MECAL,SO20M2F,270612020,991462633,1,991451707,1,991270257,1,991270258,1,
42,A33,MECAL,SO20M1F,270612030,991460226,1,991450207,1,991270307,1,991270308,1,
43,A34,MECAL,3_1447221_4,270613280,991460818,1,991450910,1,991270834,1,991270332,1,
44,A35,MECAL,3_1447221_3,270613320,991460476,1,991450910,1,991270331,1,991270332,1,
45,A36,MECATRACTION,00434_8DP,270621840,5131239,1,2350320,1,5151121,1,5151392,1,
46,A37,MECATRACTION,00405_8DP,270621840,107303,1,18976,1,107304,1,107305,1,
45,A45,MECAL,43030_0001,270624420,991460118,1,991450895,1,991270119,1,991270232,1,
,,,43031_0001,270624410,,,,,,,,,
