Liste des applicateurs faisceaux ,,,,,,,,,,
Spécification Applicateur,,,,,Spécification du cosse,,Etat,,,
N° Outil,Site,Désignation,N° Serie,Constructeur,Référence cosse,,Statut,Remarque,,
,,,,,Constructeur,TEC ,,,,
A1,RAI,"Outil sertissage cosse SUPERSEAL 0,3 à 0,5mm²",LC00022,LINTECH,282403-1,270567021,en service,,,
,,,,,,,,,,
,,,,,,,,,,
,,,,,,,,,,
A1-1,RAI,,L111589,MECAL,282404-1,270567011,en service,,,
,,,,,,,,,,
,,,,,,,,,,
,,,,,,,,,,
A2,RAI,"Outil sertissage cosse SUPERSEAL 0,75 à 1,5mm²",LC00026,LINTECH,282110-1,923919100,en service,,,
,,,,,,,,,,
,,,,,,,,,,
,,,,,,,,,,
A2-1,RAI,,L111588,MECAL,282109-1,923921000,en service,,,
,,,,,,,,,,
,,,,,,,,,,
,,,,,,,,,,
A3,RAI,Outil sertissage cosse SOURIAU TRIM-TRIO,LC00030,LINTECH,SC16M-1S31,270567111,en service,,,
,,,,,,,,,,
,,,,,SM16M-1S31,270567081,,,,
,,,,,,,,,,
A4,RAI,Outil sertissage cosse M-N-L,L64172,MECAL,926882-1,270567570,en service,,,
,,,,,,,,,,
,,,,,,,,,,
,,,,,,,,,,
A5,RAI,Outil sertissage cosse molex 5194,LC00033,LINTECH,08-70-1031,923922200,en service,,,
,,,,,,,,,,
,,,,,,,,,,
,,,,,,,,,,
A6,RAI,Outil sertissage cosse molex 08-50-0031,L64173,MECAL,08-50-0031,270554240,en service,,,
,,,,,,,,,,
,,,,,,,,,,
,,,,,,,,,,
A7,RAI,Outil sertissage cosse wurth,L66287,MECAL,68800113722,,en service,Propriété RAI,,
,,,,,,,,,,
,,,,,,,,,,
,,,,,,,,,,
A8,RAI,"Outil sertissage cosse MINI-FIT 1,5mm²",L76398,MECAL,39-00-0077,270607530,en service,,,
,,,,,,,,,,
,,,,,39-00-0081,270607540,,,,
,,,,,,,,,,
A9,RAI,"Outil sertissage cosse 6,35",8430,MECATRACTION,MEC7190766,270607660,Hors service,New kit Mq lame isolant,,
,,,,,,,,,,
,,,,,,,,,,
,,,,,,,,,,
A10,RAI,"Outil sertissage cosse DEUTSCH T16 0,75mm² à 2mm²",L78444,MECAL,1062-16-0122,270608760,en service,,,
,,,,,,,,,,
,,,,,1060-16-0122,270608560,,,,
,,,,,,,,,,
A11,RAI,"Outil sertissage cosse CPC  0,75 à 1,5mm²",L80022,MECAL,1-66100-9,270610410,en service,,,
,,,,,,,,,,
A11-1,RAI,,L111594,,1-66098-8,270610400,,,,
,,,,,,,,,,
A12,RAI,"Outil sertissage cosse DEUTSCH T20 0,35-1,5mm²",L80027,MECAL,1062-20-0222,270608830,en service,,,
,,,,,,,,,,
,,,,,1060-20-0222,270609950,,,,
,,,,,,,,,,
A13,RAI,"Outil sertissage cosse CINCH 0,5-0,8mm²",L81485,MECAL,4250000872,270567042,en service,,,
,,,,,,,,,,
,,,,,,,,,,
,,,,,,,,,,
A14,RAI,Outil sertissage  HDSCS 1.5K 0.5-1mm² Male,L81555,MECAL,964269-2,270608200,en service,,,
,,,,,,,,,,
,,,,,,,,,,
,,,,,,,,,,
A15,RAI,"Outil sertissage  HDSCS 2,8 1-2,5mm² Femelle",L81592,MECAL,1-968857-1,270608260,en service,,,
,,,,,,,,,,
,,,,,,,,,,
,,,,,,,,,,
A16,RAI,"Outil sertissage  HDSCS 2,8 1,5-2,5mm² Male",L81594,MECAL,1-962916-1,270608210,en service,,,
,,,,,,,,,,
,,,,,,,,,,
,,,,,,,,,,
A17,RAI,"Outil sertissage  HDSCS 1,5K 0,5-1mm² Femelle",L81596,MECAL,1241380-1,270608000,en service,,,
,,,,,,,,,,
,,,,,,,,,,
,,,,,,,,,,
A18,RAI,"Outil sertissage cosses DEUTSCH en bande T16
0,5mm² à 1mm²",L83238,MECAL,1062-16-0622,270610160,en service,,,
,,,,,,,,,,
,,,,,1060-16-0622,270610170,,,,
,,,,,,,,,,
A19,RAI,"Outil sertissage cosses JST  0,5 à 2mm² FEMELLE",L76398,MECAL,SVF-61T-P2.0,270611400,en service,,,
,,,,,,,,,,
,,,,,,,,,,
,,,,,,,,,,
A20,RAI,"Outil sertissage cosses JST 0,13 à 0,33²  FEMELLE",L83251,MECAL,SXH-001T-P0.6,270611430,en service,,,
,,,,,,,,,,
,,,,,,,,,,
,,,,,,,,,,
A21,RAI,"Outil sertissage cosses JST 0,13 à 0,33²  FEMELLE",L83248,MECAL,SVF-81T-P2.0,270611340,en service,,,
,,,,,,,,,,
,,,,,,,,,,
,,,,,,,,,,
A22,RAI,"Outil sertissage cosses AMPSEAL 0,5 à 1,5² FEMELLE",L93605,MECAL,770520-1,270600650,en service,,,
,,,,,,,,,,
,,,,,770520-3,270612540,,,,
,,,,,,,,,,
A23,RAI,"Outil sertissage cosses JPT 0,5 à 1² FEMELLE",L93505,MECAL,929939-1,270612730,en service,,,
,,,,,,,,,,
,,,,,,,,,,
,,,,,,,,,,
A24,RAI,"Outil sertissage cosses MCON 0,5à 0,75² FEMELLE",L93504,MECAL,7-1452668-3,270620980,en service,,,
,,,,,,,,,,
,,,,,,,,,,
,,,,,,,,,,
A25,RAI,"Outil sertissage cosses DELPHI METRI-PACK  
0,5 à 1² FEMELLE","522,384,001",KRISTEN,15363934,270614380,hors service,"N° ET106 Récup HA HARDELLET, (constructeur introuvable, plus possible d'avoir des PCS)",,
A26,RAI,"Outil sertissage cosses DELPHI WHAETER-PACK  
0,5 à 0,8² MALE","522,385,001", KRISTEN,12089188,270600550,hors service,"N° ET107 Récup HA HARDELLET, (constructeur introuvable, plus possible d'avoir des PCS)",,
,,,,,12089040,270600460,,,,
,,,,,15344720,,,,,
A27,RAI,Outil sertissage cosses JAE MX34 0.5-0.75² FEM,"10525
37-0-1538-00-0",SIROCCO,M34S75C4F2,270615860,en service,,,
,,,,,,,,,,
,,,,,,,,,,
,,,,,,,,,,
A28,RAI,"Outil sertissage cosses DIN 72585 T1,5 0,5-1mm²",L111590,MECAL,1703013-1,270609780,en service,,,
,,,,,,,,,,
,,,,,929989-1,270609770,,,,
,,,,,,,,,,
A29,RAI,"Outil sertissage cosses CINCH 0,8-2mm² FEM",L111592,MECAL,4250000873,270567043,en service,,,
,,,,,,,,,,
,,,,,,,,,,
,,,,,,,,,,
A30,RAI,"Outil sertissage cosses DEUTSH en bande T16 1 à 2,5mm²",L111998,MECAL,1060-16-1222,270610660,en service,,,
,,,,,,,,,,
,,,,,1062-16-1222,270610680,,,,
,,,,,,,,,,
A31,RAI,Outil sertissage cosses TYCO AWG 24-30 FEM,L117162,MECAL,1735801-1,270621880,en service,,,
,,,,,,,,,,
,,,,,,,,,,
,,,,,,,,,,
A32,RAI,Outil sertissage cosses AMPH RT T16 0.35-0.5² M,118946,MECAL,SP20M2F,270612020,en service,,,
,,,,,,,,,,
,,,,,,,,,,
,,,,,,,,,,
A33,RAI,Outil sertissage cosses AMPH RT T16 0.75-1.5² M,L118962,MECAL,SP16M1F,270612030,en service,,,
,,,,,,,,,,
,,,,,,,,,,
,,,,,,,,,,
A34,RAI,"Outil sertissage cosses SUPERSEAL1.0 0,5² B",L118951,MECAL,3-1447221-4,270613280,en service,,,
,,,,,,,,,,
,,,,,,,,,,
,,,,,,,,,,
A35,RAI,Outil sertissage cosses SUPERSEAL1.0 0.75-1.25² B,L118965,MECAL,3-1447221-3,270613320,en service,,,
,,,,,,,,,,
,,,,,,,,,,
,,,,,,,,,,
A36,RAI,"Outil sertissage cosses 2,8 0,5-1,5² F B",9263,MECATRACTION,00434-8DP,270620390,en service,,,
,,,,,,,,,,
,,,,,,,,,,
,,,,,,,,,,
A37,RAI,"Outil sertissage cosses 4,8 0,35-1,5² NUE F BAN",9262,MECATRACTION,00405-8DP,270621840,en service,,,
,,,,,,,,,,
,,,,,,,,,,
,,,,,,,,,,
E467 + A38,RAI,"Outil sertissage cosse DEUTSCH T16 0,75mm² à 2mm²",,WEIJONG,1062-16-0122,270608760,en service,,,
,,,,,,,,,,
,,,,,1060-16-0122,270608560,,,,
,,,,,,,,,,
E469 + A39,RAI,"Outil sertissage cosses DEUTSH en bande T16 1 à 2,5mm²",,WEIJONG,1060-16-1222,270610660,en service,,,
,,,,,,,,,,
,,,,,1062-16-1222,270610680,,,,
,,,,,,,,,,
E470 + A41,RAI,"Outil sertissage cosses CINCH 0,8-2mm² FEM",,WEIJONG,4250000873,270567043,en service,PB PINCE,,
,,,,,,,,,,
,,,,,,,,,,
,,,,,,,,,,
E468 + A43,RAI,"Outil sertissage cosse 6,35",,WEIJONG,MEC7190766,270607660,en service,,,
,,,,,,,,,,
,,,,,,,,,,
,,,,,,,,,,
E471 + A40,RAI,"Outil sertissage cosse CINCH 0,5-0,8mm²",,WEIJONG,4250000872,270567042,en service,,,
,,,,,,,,,,
,,,,,,,,,,
,,,,,,,,,,
E472 + A42,RAI,Outil sertissage cosses TYCO AWG 24-30 FEM,,WEIJONG,1735801-1,270621880,hors service,pb lame cuivre,,
,,,,,,,,,,
,,,,,,,,,,
,,,,,,,,,,
E449 + A44,RAI,"Outil sertissage cosses DEUTSCH en bande T16
0,5mm² à 1mm²",,WEIJONG,1062-16-0622,270610160,en service,,,
,,,,,1060-16-0622,270610170,,,,
,,,,,1062-16-0644,270612620,,,,
A45,RAI,"Outil sertissage cosses Mico Fit 0,2-0,5²",L129379,MECAL,43030-0001,270624420,en service,,,
,,,,,,,,,,
,,,,,43031-0001,270624410,,,,
,,,,,,,,,,
A46,RAI,Outil sertissage pour cosse Minifit,L134921,MECAL,"3,5 à 4,2",270600600,en service,,,
,,,,,,,,,,
,,,,,,"
270614470",,,,
,,,,,,,,,,
PP3 / EQUIP 190,RAI,"Outil sertissage BROCHE A.M.P 170376-2 0,12-0,177",9339 L,KRISTEN,170376-2,923908010,en service,,,
,,,,,,,,,,
,,,,,,,,,,
,,,,,,,,,,
PP3 / EQUIP 450,RAI,"Outil sertissage cosse MINI-FIT 0,25-0,75²",10577 SL,KRISTEN,39-00-0038,270600600,en service,PB ENCLUME,,
,,,,,,,,,,
,,,,,39-00-0040,270614470,,,,
,,,,,,,,,,
PP3 / EQUIP 385,RAI,,10576 SL,KRISTEN,08-50-0105,,en service,,,
,,,,,,,,,,
