,,Etat des Pinces de sertissages,,,,,,,,,,,,,,"Référence : FQ111/00 
Page : 2/2"
Spécification du pince,,,Spécification du cosse,,Spécification de sertissage,,,Service maintenance,,,,,,,,
"Numéro 
Pince",Constructeur,"Référence
more","Référence 
constructeur","Référence 
TEC","Séction en 
MM","
Longueur de 
dénudage
",Valeur de traction, Valeur des essais du maintenance ,,,,,"Date de
Vérification",Affectation,Statut,Remarque
P01+P02,TYCO,539 773-2A,183024-1,923920000,1,3.5,≥ 115,,,,,,5/5/2025,,,
,,,183024-1,923920000,0.75,3.5,≥ 90,,,,,,,,,
,,,183024-1,923920000,1.5,3.5,≥ 155,,,,,,,,,
,,,183025-1,923919000,0.75,"3 à 3,5",≥ 90,,,,,,,,,
,,,183025-1,923919000,1,"3 à 3,5",≥ 115,,,,,,,,,
,,,183025-1,923919000,1.5,"3 à 3,5",≥ 155,,,,,,,,,
,,,282109-1,923921000,0.75,"3 à 3,5",≥ 85,,,,,,,,,
,,,282109-1,923921000,1,"3 à 3,5",≥ 115,,,,,,,,,
,,,282109-1,923921000,1.5,"3 à 3,5",≥ 155,,,,,,,,,
,,,282110-1,923919100,0.75,"3 à 3,5",≥ 90,106,103,145,120,115,,,,
,,,282110-1,923919100,1,"3 à 3,5",≥ 115,144,135,120,162,156,,,,
,,,282110-1,923919100,1.5,"3 à 3,5",≥ 155,125,122,132,133,142,,,,
,,,183036-1,270567010,0.35,"3 à 3,5",≥ 60,,,,,,,,,cosse -50 pieces
,,,183036-1,270567010,0.5,"3 à 3,5",≥ 70,,,,,,,,,
,,,282404-1,270567011,0.35,"3 à 3,5",≥ 60,,,,,,,,,
,,,282404-1,270567011,0.5,"3 à 3,5",≥ 70,,,,,,,,,
,,,183035-1,270567020,0.35,"3 à 3,5",≥ 60,,,,,,,,,
,,,183035-1,270567020,0.5,"3 à 3,5",≥ 70,,,,,,,,,
,,,282403-1,270567021,0.35,"3 à 3,5",≥ 60,,,,,,,,,
,,,282403-1,270567021,0.5,"3 à 3,5",≥ 70,85,73,80,90,79,,,,
,,,282466-1,270567128,1.5,"3,5 à 4",≥ 155,,,,,,,,,manque cosse
,,,282466-1,270567128,2.5,"3,5 à 4",≥ 230,,,,,,,,,
,,,282465-1,270599190,1.5,"3,5 à 4",≥ 155,,,,,,,,,
,,,282465-1,270599190,2.5,"3,5 à 4",≥ 230,,,,,,,,,
P3,SOURIAU,S16SCML1,SM16ML-1D70,270567080,0.8,6.35,≥ 90,,,,,,5/5/2025,,,
,,,SM16ML-1D70,270567080,1.5,6.35,≥ 150,,,,,,,,,
,,,SM16M-1S31,270567081,0.8,6.35,≥ 90,,,,,,,,,
,,,SM16M-1S31,270567081,1.5,6.35,≥ 150,,,,,,,,,
,,,SC16ML-1D70,270567100,0.8,6.35,≥ 90,,,,,,,,,
,,,SC16ML-1D70,270567100,1.5,6.35,≥ 150,,,,,,,,,
,,,SC16M-1S31,270567111,0.8,6.35,≥ 90,105,112,126,122,99,,,,
,,,SC16M-1S31,270567111,1.5,6.35,≥ 150,171,167,166,174,179,,,,
,,,SC14M1TK6,270612180,2,6.35,≥ 200,,,,,,,,,cosse -50 pieces
,,,39-00-0040,270614470,0.2,"3 à 3,3",≥ 29,,,,,,,,,
,,,39-00-0040,270614470,0.34,"3 à 3,3",≥ 39,,,,,,,,,
,,,39-00-0040,270614470,0.5,"3 à 3,3",≥ 59,,,,,,,,,
,,,39-00-0040,270614470,0.75,"3 à 3,3",≥ 88,,,,,,,,,
,,,39-00-0038,270600600,0.2,"3 à 3,3",≥ 29,,,,,,,,,
,,,39-00-0038,270600600,0.34,"3 à 3,3",≥ 39,,,,,,,,,
,,,39-00-0038,270600600,0.5,"3 à 3,3",≥ 59,,,,,,,,,
,,,39-00-0038,270600600,0.75,"3 à 3,3",≥ 88,,,,,,,,,
,,,SM14M1TK6,270612660,2,6.35,,,,,,,,,,
P4,DMC,M317 + TP1024,CAR2PC68,270609270,6,12,≥ 650,,,,,,,,,cosse 270609280 -50 pieces
,,,CAR2PC68,270609280,,12,≥ 650,,,,,,,,,
,,,CAR2PC68,270567101,,12,≥ 650,,,,,,,,,
,,,DARS24296-000A3,270611240,,12,≥ 650,,,,,,,,,cosse 270611250 -50 pieces
,,,DARS24296-000A3,270611250,,12,≥ 650,,,,,,,,,
P5,TYCO,58529-2,770854-1,270600650,0.5,5.1,80,107,78,98,107,95,5/5/2025,,,
,,,770854-1,270600650,0.75,5.1,90,,,,,,,,,
,,,770854-1,270600650,1,5.1,108,,,,,,,,,
,,,770854-1,270600650,1.5,5.1,150,123,115,187,194,193,,,,
P6,DEUTSCH,G1GEG454,0460-202-20141,270640000,0.5,"3,96 à 5,54",≥ 89,,,,,,5/5/2025,,,
,,,0462-201-16141,270567026,1.5,"6,35 à 7,92",≥ 156,167,171,159,168,177,,,,
,,,0462-201-16141,270567026,1,"6,35 à 7,92",≥ 156,183,175,181,192,136,,,,
,,,0462-201-16141,270567026,0.75,"6,35 à 7,92",≥ 111,133,113,120,117,143,,,,
,,,0462-201-16141,270567026,0.5,"6,35 à 7,92",≥ 89,102,91,88,138,99,,,,
,,,0462-201-16141,270567069,1.5,"6,35 à 7,92",≥ 156,,,,,,,,,cosse -50 pieces
,,,0462-201-16141,270567069,1,"6,35 à 7,92",≥ 156,,,,,,,,,
,,,0462-201-16141,270567069,0.75,"6,35 à 7,92",≥ 111,,,,,,,,,
,,,0462-201-16141,270567069,0.5,"6,35 à 7,92",≥ 89,,,,,,,,,
,,,0462-203-12141,270567075,3.00,"5,64 à 7,21 ",≥ 334,317,327,320,315,328,,,,
,,,0462-203-12141,270567075,"2 - 2,5","5,64 à 7,21 ",≥ 311,319,324,320,331,316,,,,
,,,0462-203-12141,270567078,3.00,"5,64 à 7,21 ",≥ 334,,,,,,,,,
,,,0462-203-12141,270567078,"2 - 2,5","5,64 à 7,21 ",≥ 311,,,,,,,,,
,,,0462-201-20141,270610710,0.5,"3,96 à 5,54",≥ 89,,,,,,,,,manque cosse
,,,0460-215-16141,270606300,2,"6,35 à 7,92",≥ 311,,,,,,,,,
,,,0460-215-16141,270600850,,"6,35 à 7,92",≥ 311,,,,,,,,,
P7,TYCO,539 737-2/A,12048074,270599000,0.5,"4 à 4,5",≥ 75,,,,,,5/5/2025,,,
,,,12048074,270599000,0.75,"4 à 4,5",≥ 120,,,,,,,,,
,,,12048074,270599000,1,"4 à 4,5",≥ 160,,,,,,,,,
,,,12084200,270567114,0.3,"4 à 4,5",≥ 40,,,,,,,,,
,,,12084200,270567114,0.5,"4 à 4,5",≥ 60,,,,,,,,,
,,,929940-1,270567027,0.5,"4,3 à 5",≥ 60,86,95,84,80,79,,,,
,,,929940-1,270567027,0.75,"4,3 à 5",≥ 85,132,127,119,128,122,,,,
,,,929940-1,270567027,1,"4,3 à 5",≥ 100,,,,,,,,,
,,,929939-3,270621030,0.5,"4,3 à 5",≥ 60,,,,,,,,,
,,,929939-3,270621030,0.75,"4,3 à 5",≥ 85,,,,,,,,,
,,,929939-3,270621030,1,"4,3 à 5",≥ 100,,,,,,,,,
,,,927771-3,270614120,0.5,"3,7 à 4,3",≥ 60,,,,,,,,,
,,,927771-3,270614120,0.75,"3,7 à 4,3",≥ 85,,,,,,,,,
,,,927771-3,270614120,1,"3,7 à 4,3",≥ 100,,,,,,,,,
,,,927768-3,270621120,1.5,"4 à 4,6",≥ 150,,,,,,,,,
,,,927768-3,270621120,2,"4 à 4,6",≥ 200,,,,,,,,,
,,,927768-3,270621120,2.5,"4 à 4,6",≥ 200,,,,,,,,,
,,,929938-1,270567720,1.5,"4,9 à 5,5",≥ 150,256,198,248,243,254,,,,
,,,929938-1,270567720,2,"4,9 à 5,5",≥ 200,,,,,,,,,
,,,929938-1,270567720,2.5,"4,9 à 5,5",≥ 200,204,190,189,199,212,,,,
,,,1-929939-1,270612730,0.5,"4,3 à 5",≥ 60,,,,,,,,,manque cosse
,,,1-929939-1,270612730,0.75,"4,3 à 5",≥ 85,,,,,,,,,
,,,1-929939-1,270612730,1,"4,3 à 5",≥ 100,,,,,,,,,
,,,1-965982-1,270616740,0.2,"3,7 à 4,3",≥ 30,,,,,,,,,cosse -50 pieces
,,,1-965982-1,270616740,0.35,"3,7 à 4,3",≥ 50,,,,,,,,,
,,,1-965982-1,270616740,0.5,"3,7 à 4,3",≥ 60,,,,,,,,,
P8,DELPHI,GM12014254,12089188,270600550,0.5,4.5,≥ 75,,,,,,5/6/5025,,,
,,,12089188,270600550,0.75,4.5,≥ 90,,,,,,,,,
,,,12089040,270600460,0.5,4.5,≥ 75,90,85,80,87,90,,,,
,,,12089040,270600460,0.75,4.5,≥ 90,100,115,99,120,100,,,,
,,,12124580,270600560,1,4.5,≥ 120,,,,,,,,,cosse -50 pieces
,,,12124580,270600560,1.5,4.5,≥ 150,,,,,,,,,
,,,12124580,270600560,2,4.5,≥ 200,,,,,,,,,
,,,12124582,270600480,1,4.5,≥ 120,130,140,135,128,133,,,,
,,,12124582,270600480,1.5,4.5,150,160,165,178,173,160,,,,
,,,12124582,270600480,2,4.5,200,170,200,183,180,197,,,,
P9,KNIPEX,97 33 02,MEC7190766,270607660,0.34,4.5,≥ 60,,,,,,5/6/2025,,,
,,,MEC7190766,270607660,0.5,4.5,≥ 95,,,,,,,,,
,,,MEC7190766,270607660,0.6,4.5,≥ 100,,,,,,,,,
,,,MEC7190766,270607660,0.75,4.5,≥ 120,,,,,,,,,
,,,MEC7190766,270607660,1.00,4.5,≥ 140,,,,,,,,,
,,,MEC7190766,270607660,1.50,4.5,≥ 190,,,,,,,,,
,,,9200180000,270608920,2,4.5,≥ 192,250,200,253,248,259,,,,
,,,9200260000,270608940,4,4.5,≥310,,,,,,,,,manque cosse
P11,WEIDMULLER,9040450000,620/5E,M0211065012,0.5,4.5,≥ 60,100,99,85,89,93,5/6/2025,,,
,,,620/5E,M0211065012,0.75,4.5,≥ 85,122,115,135,129,114,,,,
,,,620/5E,M0211065012,1,4.5,≥ 140,130,140,110,99,135,,,,
,,,620/5E,M0211065012,1.5,4.5,≥ 150,156,144,133,188,150,,,,
,,,9200260000,270608940,1.5,4.5,≥ 150,156,144,133,188,150,,,,
,,,9200260000,270608940,2,4.5,≥ 192,120,225,205,247,262,,,,
,,,9200260000,270608940,2.5,4.5,≥ 230,330,312,301,315,322,,,,
,,,9200180000,270608920,4,4.5,≥310,,,,,,,,,manque cosse
P12,weidmuller,904054,,,,,,,,,,,,,,
P13,,,,"Pince sertissage embout cablage 6, 10 et 16mm²",,,,,,,,,5/6/2025,,,verefication visuelle
P14,WEIDMULLER,9011460000,,"Pince sertissage embout cablage 6, 10 et 16mm²",,,,,,,,,5/6/2025,,,verefication visuelle
P15,WEIDMULLER,PZ6/5901146,,"Pince sertissage embout cablage 0,14 à 6mm²",,,,,,,,,5/6/2025,,,verefication visuelle
P16,MOLEX,638118200P,,,,,,,,,,,,,,
P17,MOLEX,63819-0900,39-00-0038,270600600,0.2,"3 à 3,3",≥ 29,,,,,,5/7/2025,,,cosse -50 pieces
,,,39-00-0038,270600600,0.34,"3 à 3,3",≥ 39,,,,,,,,,
,,,39-00-0038,270600600,0.5,"3 à 3,3",≥ 59,70,63,61,78,20,,,,
,,,39-00-0038,270600600,0.75,"3 à 3,3",≥ 88,90,100,89,99,102,,,,
,,,39-00-0040,270614470,0.2,"3 à 3,3",≥ 29,,,,,,,,,
,,,39-00-0040,270614470,0.34,"3 à 3,5",≥ 39,,,,,,,,,
,,,39-00-0040,270614470,0.5,"3 à 3,3",≥ 59,,,,,,,,,
,,,39-00-0040,270614470,0.75,"3 à 3,3",≥ 88,,,,,,,,,
,,,39-00-0077,270607530,1.5,"3 à 3,3",≥ 88,,,,,,,,,cosse 270606970 -50 pieces
,,,39-00-0078,270606970,1.5,"3 à 3,3",≥ 88,90,100,89,99,102,,,,
,,,39-00-0081,270607540,1.5,"3 à 3,3",≥ 88,,,,,,,,,
,,,39-00-0082,270607030,1.5,"3 à 3,3",≥ 88,,,,,,,,,
P18,JST,WC-JWPF,SWPR-001T-P025,270599760,0.35,"3 à 3,5",≥ 36,,,,,,,,,TEC
,,,SWPR-001T-P025,270599760,0.2,"3 à 3,5",≥ 22,,,,,,,,,
,,,SWPR-001T-P025,270599760,0.13,"3 à 3,5",≥ 13,,,,,,,,,
,,,SWPR-001T-P025,270599790,0.35,"3 à 3,5",≥ 36,,,,,,,,,
,,,SWPR-001T-P025,270599790,0.2,"3 à 3,5",≥ 22,,,,,,,,,
,,,SWPR-001T-P025,270599790,0.13,"3 à 3,5",≥ 13,,,,,,,,,
P19,DEUTSCH,539 773-2/A,CAR2PC68,270609270,6,12,≥ 650,,,,,,,,,
,,,CAR2PC68,270609280,6,12,≥ 650,,,,,,,,,
,,,CAR3PC68,270567101,6,12,≥ 650,,,,,,,,,
,,,DARS24296-000A3,270611240,6,12,≥ 650,,,,,,,,,
,,,DARS24263-000A3,270611250,6,12,≥ 650,,,,,,,,,cosse -50 pieces
,,,0462-203-04141,270613240,13-16,"10,92 à 12,50",≥ 1334,,,,,,,,,
,,,0460-204-0490,270613140,13-16,"10,92 à 12,50",≥ 1330,,,,,,,,,
,,,0462-203-08141,270567074,5-6,"10,92 à 12,50",≥ 400,,,,,,,,,
,,,0462-203-08141,270567074,8,"10,92 à 12,50",≥ 556,,,,,,,,,
,,,0460-204-08141,270567046,5-6,"10,92 à 12,50",≥ 400,,,,,,,,,
,,,0460-204-08141,270567046,8,"10,92 à 12,50",≥ 556,,,,,,,,,
P20,TYCO,CAGE11851,282403-1,270567021,0.35,"3 à 3,5",≥ 60,,,,,,,,,
,,,282403-1,270567021,0.5,"3 à 3,5",≥ 70,88,79,102,74,90,,,,
,,,183035-1,270567020,0.35,"3 à 3,5",≥ 60,,,,,,,,,
,,,183035-1,270567020,0.5,"3 à 3,5",≥ 70,,,,,,,,,
,,,282404-1,270567011,0.35,"3 à 3,5",≥ 60,,,,,,,,,
,,,282404-1,270567011,0.5,"3 à 3,5",≥ 70,,,,,,,,,
,,,183036-1,270567010,0.35,"3 à 3,5",≥ 60,,,,,,,,,cosse -50 pieces
,,,183036-1,270567010,P20,"3 à 3,5",≥ 70,,,,,,,,,
,,,282110-1,923919100,0.75,"3 à 3,5",≥ 85,,,,,,,,,
,,,282110-1,923919100,1,"3 à 3,5",≥ 108,140,133,120,145,150,,,,
,,,282110-1,923919100,1.5,"3 à 3,5",≥ 150,170,130,145,133,165,,,,
,,,183025-1,923919000,0.75,"3 à 3,5",≥ 85,,,,,,,,,
    +,,,183025-1,923919000,1,"3 à 3,5",≥ 115,,,,,,,,,
P21,,,183025-1,923919000,1.5,"3 à 3,5",≥ 155,,,,,,,,,
,,,282109-1,923921000,0.75,"3 à 3,5",≥ 85,,,,,,,,,
,,,282109-1,923921000,1,"3 à 3,5",≥ 115,,,,,,,,,
,,,282109-1,923921000,1.5,"3 à 3,5",≥ 155,,,,,,,,,
,,,183024-1,923920000,0.75,"3 à 3,5",≥ 85,,,,,,,,,
,,,183024-1,923920000,1,"3 à 3,5",≥ 115,,,,,,,,,
,,,183024-1,923920000,1.5,"3 à 3,5",≥ 155,,,,,,,,,
,,,282466-1,270567128,1.5,"3,5 à 4",≥ 155,,,,,,,,,
,,,282466-1,270567128,2.5,"3,5 à 4",≥ 230,,,,,,,,,
,,,282465-1,270599190,1.5,"3,5 à 4",≥ 155,,,,,,,,,
,,,282465-1,270599190,2.5,"3,5 à 4",≥ 230,,,,,,,,,
P22,DMC,S16SCML1,82913607A,270606840,6,"6,5 - 7,5",≥360,,,,,,,,,cosse -50 pieces
P23,DMC,1864-28100,193990-2,270606810,6,9.5,≥360,,,,,,,,,cosse 270606810- 50 pieces
,,,193991-4,270606740,6,9.5,≥360,,,,,,,,,
P24,SOURIAU,1864-28100,SC16M-1S31,270567111,0.8,6.35,≥ 90,,,,,,,,,
,,,SC16M-1S31,270567111,1.5,6.35,≥ 150,,,,,,,,,
,,,SC16ML-1D70,270567100,0.8,6.35,≥ 90,,,,,,,,,cosse -50 pieces
,,,SC16ML-1D70,270567100,1.5,6.35,≥ 150,,,,,,,,,
,,,SM16M-1S31,270567081,0.8,6.35,≥ 90,,,,,,,,,
,,,SM16M-1S31,270567081,1.5,6.35,≥ 150,,,,,,,,,
,,,SM16ML-1D70,270567080,0.8,6.35,≥ 90,,,,,,,,,
,,,SM16ML-1D70,270567080,1.5,6.35,≥ 150,,,,,,,,,
,,,SC14M1TK6,270612180,2,6.35,≥200,,,,,,,,,cosse -50 pieces
,,,SC14M1TK6,270612660,2,6.35,,,,,,,,,,
P25,DEUTSCH,HDT-48-00,0462-203-12141,270567075,3.00,"5,64 à 7,21 ",≥ 334,,,,,,,,,
,,,0462-203-12141,270567075,"2 - 2,5","5,64 à 7,21 ",≥ 311,,,,,,,,,
,,,0460-204-12141,270567078,3.00,"5,64 à 7,21 ",≥ 334,,,,,,,,,
,,,0460-204-12141,270567078,"2 - 2,5","5,64 à 7,21 ",≥ 311,,,,,,,,,
,,,0462-201-16141,270567026,1.5,"6,35 à 7,92",≥ 156,,,,,,,,,manque cosse
,,,0462-201-16141,270567026,1,"6,35 à 7,92",≥ 108,,,,,,,,,
,,,0462-201-16141,270567026,0.75,"6,35 à 7,92",≥ 85,,,,,,,,,
,,,0462-201-16141,270567026,0.5,"6,35 à 7,92",≥ 60,,,,,,,,,
,,,0460-202-16141,270567069,1.5,"6,35 à 7,92",≥ 156,,,,,,,,,cosse -50 pieces
,,,0460-202-16141,270567069,1,"6,35 à 7,92",≥ 108,,,,,,,,,
,,,0460-202-16141,270567069,0.75,"6,35 à 7,92",≥ 111,,,,,,,,,
,,,0460-202-16141,270567069,0.5,"6,35 à 7,92",≥ 60,,,,,,,,,
,,,0462-209-16141,270600850,2,"6,35 à 7,92",≥ 311,,,,,,,,,
,,,0460-215-16141,270606300,2,"6,35 à 7,92",≥ 311,,,,,,,,,
,,,0462-201-20141,270610710,0.5,"3,96 à 5,54",≥ 89,,,,,,,,,270610710 cosse manquer
,,,0460-202-20141,270640000,0.5,"3,96 à 5,54",≥ 89,,,,,,,,,
P27,,539 737-2/A,61-0897-139,270567610,0.5,8.2,≥60,,,,,,,,,
,,,61-0892-139,270599170,0.5,8.2,,,,,,,,,,
,,,61-0898-139,270567620,0.75,8.2,≥85,,,,,,,,,
,,,61-0898-139,270567620,1,8.2,≥108,,,,,,,,,
,,,61-0893-139,270608480,0.75,8.2,≥75,,,,,,,,,
,,,61-0893-139,270608480,1,8.2,≥108,,,,,,,,,
,,,61-0899-139,270599130,1.5,8.2,≥150,,,,,,,,,
,,,61-0894-139,270599160,1.5,8.2,,,,,,,,,,cosse -50 pieces
,,,61-0900-139,270608150,2.5,8,≥230,,,,,,,,,manque cosse
,,,61-0902-139,270608130,2.5,8,,,,,,,,,,
P28+P29,DELPHI,91592-1,4250000872,270567042,0.5,4.5,≥ 60,160,93,91,89,41,4/14/2025,,,
,,,4250000872,270567042,0.5,4.5,,120,115,120,124,113,,,,
,,,4250000872,270567042,0.8,4.5,≥ 85,111,132,134,125,140,,,,
,,,4250000872,270567042,0.8,4.5,,160,93,91,89,41,,,,
,,,4250000872,270567042,1,4.5,≥ 108,120,115,120,124,113,,,,
,,,4250000872,270567042,1,4.5,,111,132,134,125,140,,,,
P30,CINCH,91583-1,4250000873,270567043,0.75,4.5,≥ 85,,,,,,,,,manque cosse
,,,4250000873,270567043,1,4.5,≥ 108,,,,,,,,,
,,,4250000873,270567043,2,4.5,≥ 200,,,,,,,,,
P31,TYCO,S16SCM20,926882-1,270567570,0.5,"3,99 à 4,75",≥ 58,,,,,,,,,
,,,926882-1,270567570,0.8,"3,99 à 4,75",≥ 89,,,,,,,,,
,,,926882-1,270567570,1.3,"3,99 à 4,75",≥ 134,,,,,,,,,
,,,926882-1,270567570,2.1,"3,99 à 4,75",≥ 223,,,,,,,,,
,,,926893-1,270569970,0.5,"3,99 à 4,75",≥ 58,,,,,,,,,manque cosse
,,,350550-1,270607790,0.5,"3,99 à 4,75",≥ 58,,,,,,,,,
,,,350550-1,270607790,0.8,"3,99 à 4,75",≥ 89,,,,,,,,,
,,,350550-1,270607790,1.3,"3,99 à 4,75",≥ 134,,,,,,,,,
,,,350550-1,270607790,2.1,"3,99 à 4,75",≥ 223,,,,,,,,,
,,,350705-1,270599980,0.5,"3,99 à 4,75",≥ 58,83,83,83,83,83,,,,cosse -50 pieces
,,,350705-1,270599980,0.8,"3,99 à 4,75",≥ 89,127,134,119,121,126,,,,
,,,350705-1,270599980,1.3,"3,99 à 4,75",≥ 134,156,149,144,152,161,,,,
,,,350705-1,270599980,2.1,"3,99 à 4,75",≥ 223,,,,,,,,,
P32,TYCO,91505-1,1-965982-1,270616740,0.2,"3,7 à 4,3",≥ 30,,,,,,,,,cosse -50 pieces
,,,1-965982-1,270616740,0.35,"3,7 à 4,3",≥ 50,,,,,,,,,
,,,1-965982-1,270616740,0.5,"3,7 à 4,3",≥ 60,,,,,,,,,
,,,927771-3,270614120,0.5,"3,7 à 4,3",≥ 60,,,,,,,,,
,,,927771-3,270614120,0.75,"3,7 à 4,3",85,,,,,,,,,
,,,927771-3,270614120,1,"3,7 à 4,3",≥ 100,,,,,,,,,
,,,927768-3,270621120,1.5,"4 à 4,6",≥ 150,,,,,,,,,
,,,927768-3,270621120,2,"4 à 4,6",≥200,,,,,,,,,
,,,927768-3,270621120,2.5,"4 à 4,6",≥ 230,,,,,,,,,
,,,929940-1,270567027,0.5,"4 à 4,6",≥ 60,,,,,,,,,
,,,929940-1,270567027,0.75,"4 à 4,6",≥85,,,,,,,,,
,,,929940-1,270567027,1,"4 à 4,6",≥ 100,,,,,,,,,
,,,929938-1,270567720,1.5,"4,9 à 5,5",≥ 150,,,,,,,,,
,,,929938-1,270567720,2,"4,9 à 5,5",≥200,,,,,,,,,
,,,929938-1,270567720,2.5,"4,9 à 5,5",≥ 200,,,,,,,,,
,,,1-929939-1,270612730,0.5,"4,3 à 5",≥ 60,,,,,,,,,manque cosse
,,,1-929939-1,270612730,0.75,"4,3 à 5",≥85,,,,,,,,,
,,,1-929939-1,270612730,1,"4,3 à 5",≥ 100,,,,,,,,,
,,,929939-3,270621030,0.5,"4,3 à 5",≥ 60,,,,,,,,,
,,,929939-3,270621030,0.75,"4,3 à 5",≥85,,,,,,,,,
,,,929939-3,270621030,1,"4,3 à 5",≥ 100,,,,,,,,,
,,,926893-1,270569970,0.8,"3,99 à 4,75",≥ 89,,,,,,,,,
P33,TYCO,WC-691,926893-1,270569970,1.3,"3,99 à 4,75",≥ 134,,,,,,,,,
P34,TYCO,C113007/4809,926893-1,270569970,2.1,"3,99 à 4,75",≥ 223,,,,,,5/7/2025,,,manque cosse
,,,172773-4,270608590,0.3,"3,5 - 5,5",≥ 49,,,,,,,,,
,,,172773-4,270608590,0.5,"3,5 - 5,5","≥ 88,3",93,120,99,90,95,,,,
,,,172773-4,270608590,0.85,"3,5 - 5,5","≥ 127,3",130,140,129,145,136,,,,
,,,172773-4,270608590,1.25,"3,5 - 5,5","≥ 176,5",183,178,188,181,180,,,,
,,,172773-4,270608590,2,"3,5 - 5,5","≥ 264,8",270,275,280,281,279,,,,
P35,DEUTSCH,A51673,1062-16-0122,270608760,0.75,"3,8 à 5,08",≥ 111,,,,,,,,,
,,,1062-16-0122,270608760,1,"3,8 à 5,08",,,,,,,,,,
,,,1062-16-0122,270608760,1.5,"3,8 à 5,08",,,,,,,,,,
,,,1062-16-0122,270608760,2,"3,8 à 5,08",,,,,,,,,,
,,,1062-16-0988,270621780,0.75,"3,8 à 5,08",,,,,,,,,,
,,,1062-16-0988,270621780,1,"3,8 à 5,08",,,,,,,,,,
,,,1062-16-0988,270621780,1.5,"3,8 à 5,08",,,,,,,,,,
,,,1062-16-0988,270621780,2,"3,8 à 5,08",,,,,,,,,,
,,,1060-16-0122,270608560,0.75,"3,8 à 5,08",,,,,,,,,,
,,,1060-16-0122,270608560,1,"3,8 à 5,08",,,,,,,,,,
,,,1060-16-0122,270608560,1.5,"3,8 à 5,08",,,,,,,,,,
,,,1060-16-0122,270608560,2,"3,8 à 5,08",,,,,,,,,,
P36,DEUTSCH,A510600,1062-20-0122,270608830,0.35,"3,81 à 5,08",≥ 45,,,,,,,,,
,,,1062-20-0122,270608830,0.5,"3,81 à 5,08",≥ 67,,,,,,,,,
,,,1062-20-0122,270608830,0.75,"3,81 à 5,08",≥ 89,,,,,,,,,
,,,1062-20-0122,270608830,1,"3,81 à 5,08",,,,,,,,,,
,,,1062-20-0122,270608830,1.5,"3,81 à 5,08",,,,,,,,,,
,,,1060-20-0122,270609950,0.35,"3,81 à 5,08",≥ 45,,,,,,,,,
,,,1060-20-0122,270609950,0.5,"3,81 à 5,08",≥ 67,,,,,,,,,
,,,1060-20-0122,270609950,0.75,"3,81 à 5,08",≥ 89,,,,,,,,,
,,,1060-20-0122,270609950,1,"3,81 à 5,08",,,,,,,,,,
,,,1060-20-0122,270609950,1.5,"3,81 à 5,08",,,,,,,,,,
P37,TYCO,58606-2,104479-8,270608640,0.2,"3,18 - 3,96",,,,,,,,,,manque cosse
,,,104479-8,270608640,0.35,"3,18 - 3,96",,,,,,,,,,
,,,104479-8,270608640,0.6,"3,18 - 3,96",,,,,,,,,,
P38,TYCO,071/918,171662-1,270608610,0.5,"4 à 4,5","≥ 88,3",82,114,96,111,83,5/12/2025,,,
,,,171662-1,270608610,0.85,"4 à 4,5","≥ 127,5",158,135,139,129,125,,,,
,,,171662-1,270608610,1.4,"4 à 4,5","≥ 176,5",203,177,203,200,2345,,,,
P39,SOURIAU,916039,SC20ML1TK6,270609470,0.35,4,≥ 40,82,81,75,74,74,5/12/2025,,,
,,,SC20ML1TK6,270609470,0.5,4,≥ 60,105,129,73,96,89,,,,
P40,TYCO,5-1579001-1/A,163088-1,270609030,0.2,"3,58 à 4,34",≥ 31,,,,,,5/12/2025,,,
,,,163088-1,270609030,0.35,"3,58 à 4,34",≥ 44,82,81,75,74,74,,,,
,,,163088-1,270609030,0.5,"3,58 à 4,34",≥ 75,83,91,87,85,94,,,,
,,,163086-1,270609050,0.2,"3,58 à 4,34",≥ 31,,,,,,,,,
,,,163086-1,270609050,0.35,"3,58 à 4,34",≥ 44,,,,,,,,,
,,,163086-1,270609050,0.5,"3,58 à 4,34",≥ 75,,,,,,,,,
,,,1-66100-9,270610410,0.75,"3,58 à 4,34",≥ 75,,,,,,,,,
,,,1-66100-9,270610410,1,"3,58 à 4,34",≥ 111,,,,,,,,,
,,,1-66100-9,270610410,1.5,"3,58 à 4,34",≥ 178,,,,,,,,,
,,,1-66101-9,270600340,0.75,"3,58 à 4,34",≥ 75,,,,,,,,,
,,,1-66101-9,270600340,1,"3,58 à 4,34",≥ 111,,,,,,,,,
,,,1-66101-9,270600340,1.5,"3,58 à 4,34",≥ 178,,,,,,,,,
,,,1-66098-8,270610400,0.75,"3,58 à 4,34",≥ 75,,,,,,,,,
,,,1-66098-8,270610400,1,"3,58 à 4,34",≥ 111,,,,,,,,,
,,,1-66098-8,270610400,1.5,"3,58 à 4,34",≥ 178,,,,,,,,,
,,,1-66099-5,270606710,0.75,"3,58 à 4,34",≥ 75,119,121,127,120,118,,,,
,,,1-66099-5,270606710,1,"3,58 à 4,34",≥ 111,130,128,136,133,129,,,,
,,,1-66099-5,270606710,1.5,"3,58 à 4,34",≥ 178,180,184,191,183,196,,,,
P42,,CAGE11851,,270614750,0.34,3.5,≥40,70,65,59,67,62,5/12/2025,,,
P43,DEUTSCH,539 663-2/A,1062-16-0122,270608760,0.75,"3,5 à 5",≥ 85,,,,,,5/12/2025,,,
,,,1062-16-0122,270608760,1,"3,5 à 5",≥108,,,,,,,,,
,,,1062-16-0122,270608760,1.5,"3,5 à 5",≥ 150,,,,,,,,,
,,,1062-16-0122,270608760,2,"3,5 à 5",≥ 200,,,,,,,,,
,,,1062-16-0988,270621780,0.75,"3,5 à 5",≥ 85,,,,,,,,,
,,,1062-16-0988,270621780,1,"3,5 à 5",≥108,,,,,,,,,
,,,1062-16-0988,270621780,1.5,"3,5 à 5",≥ 150,,,,,,,,,
,,,1062-16-0988,270621780,2,"3,5 à 5",≥ 200,,,,,,,,,
,,,1060-16-0122,270608560,0.75,"3,5 à 5",≥ 85,,,,,,,,,
,,,1060-16-0122,270608560,1,"3,5 à 5",≥108,194,162,139,182,129,,,,
,,,1060-16-0122,270608560,1.5,"3,5 à 5",≥ 150,,,,,,,,,
,,,1060-16-0122,270608560,2,"3,5 à 5",≥ 200,237,215,194,176,197,,,,
P44,DEUTSCH,539 950-2/A,1062-20-0122,270608830,0.35,"3,5 à 5",≥ 45,,,,,,5/20/2025,,,
,,,1062-20-0122,270608830,0.5,"3,5 à 5",≥ 67,,,,,,,,,
,,,1062-20-0122,270608830,0.75,"3,5 à 5",≥ 89,,,,,,,,,
,,,1062-20-0122,270608830,1,"3,5 à 5",≥108,,,,,,,,,
,,,1062-20-0122,270608830,1.5,"3,5 à 5",≥150,,,,,,,,,
,,,1060-20-0122,270609950,0.35,"3,5 à 5",≥ 45,,,,,,,,,
,,,1060-20-0122,270609950,0.5,"3,5 à 5",≥ 67,87,91,89,94,96,,,,
,,,1060-20-0122,270609950,0.75,"3,5 à 5",≥ 89,,,,,,,,,
,,,1060-20-0122,270609950,1,"3,5 à 5",≥108,,,,,,,,,
,,,1060-20-0122,270609950,1.5,"3,5 à 5",≥150,165,159,171,155,161,,,,
P45,WEIDMULLER,5-1579001-3/A,,,,,,,,,,,,,,
P46,WEIDMULLER,539 727-2/A,,,,,,,,,,,,,,
P47,,539 758-2/A,,,,,,,,,,,,,,
P48,KNIPEX,539 726-2/A,MEC7190766,270607660,0.34,,≥ 60,,,,,,,,,
,,,MEC7190766,270607660,0.5,,≥ 95,,,,,,,,,
,,,MEC7190766,270607660,0.6,,≥ 100,,,,,,,,,
,,,MEC7190766,270607660,0.75,,≥ 120,,,,,,,,,
,,,MEC7190766,270607660,1.00,,≥ 140,,,,,,,,,
,,,MEC7190766,270607660,1.50,,≥ 190,,,,,,,,,
P49,TYCO,3-1579021-7/A,929989-1,270609770,0.5,"4,2 à 4,8",≥ 60,,,,,,5/19/2025,,,
,,,929989-1,270609770,0.75,"4,2 à 4,8",85,,,,,,,,,
,,,929989-1,270609770,1,"4,2 à 4,8",≥ 100,,,,,,,,,
,,,1703013-1,270609780,0.5,"4,2 à 4,8",≥ 60,,,,,,,,,
,,,1703013-1,270609780,0.75,"4,2 à 4,8",85,,,,,,,,,
,,,1703013-1,270609780,1,"4,2 à 4,8",≥ 100,,,,,,,,,
,,,929974-1,270607170,0.5,"4,2 à 4,8",≥ 60,65,86,70,83,69,,,,
,,,929974-1,270607170,0.75,"4,2 à 4,8",85,87,90,77,85,127,,,,
,,,929974-1,270607170,1,"4,2 à 4,8",≥ 100,112,122,115,130,129,,,,
,,,929967-1,270607160,0.5,"4,2 à 4,8",≥ 60,,,,,,,,,
,,,929967-1,270607160,0.75,"4,2 à 4,8",85,,,,,,,,,
,,,929967-1,270607160,1,"4,2 à 4,8",≥ 100,,,,,,,,,
,,,929975-1,270607840,1,"5,2 à 5,8",≥ 100,,,,,,,,,
,,,929975-1,270607840,1.5,"5,2 à 5,8",≥ 150,,,,,,,,,
,,,929975-1,270607840,2.5,"5,2 à 5,8",≥ 200,,,,,,,,,
,,,929968-1,270607860,1,"5,2 à 5,8",≥ 100,,,,,,,,,
,,,929968-1,270607860,1.5,"5,2 à 5,8",≥ 150,150,170,175,163,180,,,,
,,,929968-1,270607860,2.5,"5,2 à 5,8",≥ 200,211,213,240,225,259,,,,
P50,BINDER,66-0003-001,61-0897-139,270567610,0.5,8.2,≥ 60,,,,,,5/19/2025,,,
,,,61-0892-139,270599170,0.5,8.2,≥ 60,,,,,,,,,
,,,61-0898-139,270567620,0.75,8.2,≥ 85,88,75,69,83,77,,,,
,,,61-0898-139,61-0898-139,1,8.2,≥ 108,,,,,,,,,
,,,61-0893-139,270608480,0.75,8.2,≥ 85,,,,,,,,,
,,,61-0893-139,270608480,1,8.2,≥ 108,,,,,,,,,
,,,61-0899-139,270599130,1.5,8.2,≥ 150,245,250,227,223,255,,,,
,,,61-0894-139,270599160,1.5,8.2,≥ 150,240,230,243,253,232,,,,cosse -50 pieces
,,,61-0900-139,270608150,2.5,8,≥ 230,,,,,,,,,manque cosse
,,,61-0902-139,270608130,2.5,8,≥ 230,,,,,,,,,
P51,DEUTSCH,,1062-16-0622,270610160,0.5,"3,8 à 5,08",,,,,,,,,,
,,,1062-16-0622,270610160,0.75,"3,8 à 5,08",≥ 111,,,,,,,,,
,,,1062-16-0622,270610160,1,"3,8 à 5,08",≥ 111,,,,,,,,,
,,,1062-16-0644,270612620,0.5,"3,8 à 5,08",≥ 67,,,,,,,,,
,,,1062-16-0644,270612620,0.75,"3,8 à 5,08",≥ 111,,,,,,,,,
,,,1062-16-0644,270612620,1,"3,8 à 5,08",≥ 111,,,,,,,,,
,,,1060-16-0622,270610170,0.5,"3,8 à 5,08",≥ 67,,,,,,,,,
,,,1060-16-0622,270610170,0.75,"3,8 à 5,08",≥ 111,,,,,,,,,
,,,1060-16-0622,270610170,1,"3,8 à 5,08",≥ 111,,,,,,,,,
P52,DEUTSCH,916039,1062-16-0622,270610160,0.5,"3,8 à 5,08",≥ 67,118,95,78,68,100,5/19/2025,,,
,,,1062-16-0622,270610160,0.75,"3,8 à 5,08",≥ 111,,,,,,,,,
,,,1062-16-0622,270610160,1,"3,8 à 5,08",,115,130,145,120,117,,,,
,,,1062-16-0644,270612620,0.5,"3,8 à 5,08",≥ 67,,,,,,,,,
,,,1062-16-0644,270612620,0.75,"3,8 à 5,08",≥ 111,,,,,,,,,
,,,1062-16-0644,270612620,1,"3,8 à 5,08",,,,,,,,,,
,,,1060-16-0622,270610170,0.5,"3,8 à 5,08",≥ 67,,,,,,,,,
,,,1060-16-0622,270610170,0.75,"3,8 à 5,08",≥ 111,,,,,,,,,
,,,1060-16-0622,270610170,1,"3,8 à 5,08",,,,,,,,,,
P53,,5-1579001-1/A,5-965906-1,270609340,0.5,"3,35 à 3,65",≥ 60,,,,,,,,,manque cosse
,,,5-965906-1,270609340,0.75,"3,35 à 3,65",≥ 85,,,,,,,,,
P54,TYCO,91594-1,794229-1,270610250,0.35,"3,2 à 3,71","≥ 48,9",,,,,,,,,cosse -50 pieces
,,,794229-1,270610250,0.5,"3,2 à 3,71","≥ 57,8",,,,,,,,,
,,,794229-1,270610250,0.75,"3,2 à 3,71","≥ 66,7",,,,,,,,,
,,,794231-1,270610260,0.5,"3,2 à 3,71","≥ 57,8",,,,,,,,,manque cosse
,,,794231-1,270610260,0.75,"3,2 à 3,71","≥ 66,7",,,,,,,,,
,,,794231-1,270610260,1.2,"3,2 à 3,71","≥ 80,1",,,,,,,,,
,,,794230-1,270610200,0.5,"3,2 à 3,71","≥ 57,8",,,,,,,,,manque cosse
,,,794230-1,270610200,0.75,"3,2 à 3,71","≥ 66,7",,,,,,,,,
,,,794230-1,270610200,1.2,"3,2 à 3,71","≥ 80,1",,,,,,,,,
P55,DMC,CAGE11851,,,,,,,,,,,,,,
P56,DEUTSCH,,1062-16-1222,270610680,1,"3,8 à 5,08",≥ 111,,,,,,,,,
,,,1062-16-1222,270610680,1.5,"3,8 à 5,08",,,,,,,,,,
,,,1062-16-1222,270610680,2,"3,8 à 5,08",,,,,,,,,,
,,,1062-16-1222,270610680,2.5,"3,8 à 5,08",,,,,,,,,,
,,,1060-16-1222,270610660,1,"3,8 à 5,08",,,,,,,,,,
,,,1060-16-1222,270610660,1.5,"3,8 à 5,08",,,,,,,,,,
,,,1060-16-1222,270610660,2,"3,8 à 5,08",,,,,,,,,,
,,,1060-16-1222,270610660,2.5,"3,8 à 5,08",,,,,,,,,,
P57,TYCO,539 663-2/A,969028-2,270615060,0.2,"3,2 à 3,8",≥ 30,,,,,,5/19/2025,,,cosse -50 pieces
,,,969028-2,270615060,0.25,"3,2 à 3,8",≥ 35,,,,,,,,,
,,,969028-2,270615060,0.35,"3,2 à 3,8",≥ 50,,,,,,,,,
,,,969028-2,270615060,0.5,"3,2 à 3,8",≥ 60,,,,,,,,,
,,,964269-2,270608200,0.5,"3,7 à 4,3",≥ 60,86,90,89,94,92,,,,
,,,964269-2,270608200,0.75,"3,7 à 4,3",≥ 85,99,115,121,116,125,,,,
,,,964269-2,270608200,1,"3,7 à 4,3",≥ 108,129,136,144,150,137,,,,
,,,964269-3,270618760,0.5,"3,7 à 4,3",≥ 60,,,,,,,,,
,,,964269-3,270618760,0.75,"3,7 à 4,3",≥ 85,,,,,,,,,
,,,964269-3,270618760,1,"3,7 à 4,3",≥ 108,,,,,,,,,
P58,TYCO,539 950-2/A,1241380-3,270625530,0.5,"3,7 à 4,3",≥ 60,,,,,,5/20/2025,,,manque cosse
,,,1241380-3,270625530,0.75,"3,7 à 4,3",≥ 85,,,,,,,,,
,,,1241380-3,270625530,1,"3,7 à 4,3",≥ 108,,,,,,,,,
,,,1241380-1,270608000,0.5,"3,7 à 4,3",≥ 60,79,84,90,82,86,,,,
,,,1241380-1,270608000,0.75,"3,7 à 4,3",≥ 85,97,104,119,121,126,,,,
,,,1241380-1,270608000,1,"3,7 à 4,3",≥ 108,130,141,130,134,146,,,,
,,,1241380-2,270618750,0.5,"3,7 à 4,3",≥ 60,,,,,,,,,
,,,1241380-2,270618750,0.75,"3,7 à 4,3",≥ 85,,,,,,,,,
,,,1241380-2,270618750,1,"3,7 à 4,3",≥ 108,,,,,,,,,
P59,TYCO,5-1579001-3/A,1418884-1,270608010,1,"3,7 à 4,3",≥ 108,127,132,141,138,129,5/20/2025,,,
,,,1418884-1,270608010,1.5,"3,7 à 4,3",≥ 150,156,161,155,149,163,,,,
,,,1703278-2,270608180,1.5,"3,7 à 4,3",,,,,,,,,,cosse -50 pieces
P60,TYCO,539 727-2/A,1-968857-3,270612950,1,"4,7 à 5,3",≥ 108,,,,,,5/20/2025,,,
,,,1-968857-3,270612950,1.5,"4,7 à 5,3",≥ 150,,,,,,,,,
,,,1-968857-3,270612950,2.5,"4,7 à 5,3",≥ 200,,,,,,,,,
,,,1-968857-1,270608260,1,"4,7 à 5,3",≥ 108,,,,,,,,,
,,,1-968857-1,270608260,1.5,"4,7 à 5,3",≥ 150,254,262,153,279,160,,,,
,,,1-968857-1,270608260,2.5,"4,7 à 5,3",≥ 200,235,262,250,244,235,,,,
,,,282466-1,270567128,1.5,"3,5 à 4",≥ 155,,,,,,,,,
,,,282466-1,270567128,2.5,"3,5 à 4",,,,,,,,,,
,,,282465-1,270599190,1.5,"3,5 à 4",155,,,,,,,,,
,,,282465-1,270599190,2.5,"3,5 à 4",,,,,,,,,,
P61,TYCO,539 758-2/A,1-962916-1,270616730,1.5,"4,7 à 5,3",≥ 150,,,,,,5/20/2025,,,manque cosse
,,,1-962916-1,270616730,2.5,"4,7 à 5,3",≥ 200,,,,,,,,,
,,,1-962915-1,270617140,0.5,"4,2 à 4,8",≥ 60,,,,,,,,,
,,,1-962915-1,270617140,0.75,"4,2 à 4,8",≥ 85,,,,,,,,,
,,,1-962915-1,270617140,1,"4,2 à 4,8",≥ 108,,,,,,,,,
,,,1-962841-1,270614920,0.5,"3,9 à 4,5",≥ 60,74,94,122,108,105,,,,cosse -50 pieces
,,,1-962841-1,270614920,0.75,"3,9 à 4,5",≥ 85,90,104,132,118,115,,,,
,,,1-962841-1,270614920,1,"3,9 à 4,5",≥ 108,120,135,144,110,123,,,,
,,,1-962916-2,270612960,1,"4,7 à 5,3",≥ 108,,,,,,,,,
,,,1-962916-2,270612960,1.5,"4,7 à 5,3",≥ 150,,,,,,,,,
,,,1-962916-2,270612960,2.5,"4,7 à 5,3",≥ 200,,,,,,,,,
,,,1-962916-1,270608210,1,"4,7 à 5,3",≥ 108,,,,,,,,,
,,,1-962916-1,270608210,1.5,"4,7 à 5,3",≥ 150,160,178,183,165,189,,,,
,,,1-962916-1,270608210,2.5,"4,7 à 5,3",≥ 200,250,290,299,211,270,,,,
P62,TYCO,539 726-2/A,1-968855-1,270610540,0.5,"4,2 à 4,8",≥ 60,73,60,73,69,67,5/21/2025,,,
,,,1-968855-1,270610540,0.75,"4,2 à 4,8",≥ 85,156,128,124,153,148,,,,
,,,1-968855-1,270610540,1,"4,2 à 4,8",≥ 108,176,142,148,175,173,,,,
P63,TYCO,3-1579021-7/A,1241418-4,270610550,4,"5,1 à 5,7",≥ 310,422,421,398,399,441,5/21/2025,,,
,,,1241418-4,270610550,6,"5,1 à 5,7",≥ 450,461,467,453,473,463,,,,
,,,2-2112966-2,270610570,4,"5,1 à 5,7",≥ 310,342,319,378,327,370,,,,
,,,2-2112966-2,270610570,6,"5,1 à 5,7",≥ 450,468,497,470,475,456,,,,
P64,KNIPEX,,,,,,,,,,,,,,,
P65,CINCH,1864-28100,4250000873,270567043,0.75,4.5,≥ 37,,,,,,5/21/2025,,,
,,,4250000873,270567043,1,4.5,≥ 58,80,76,69,79,88,,,,
,,,4250000873,270567043,2,4.5,≥ 62,160,176,159,173,183,,,,
P66,WEIDMULLER,,,"Pince sertissage embout cablage 0,14 à 6mm²",,,,,,,,,5/21/2025,,,verefication visuelle
P66-1,WEIDMULLER,,,"Pince sertissage embout cablage 0,14 à 6mm²",,,,,,,,,5/21/2025,,,verefication visuelle
P67,KNIPEX,459,,"Pince sertissage embout cablage 0,14 à 6mm²",,,,,,,,,5/21/2025,,,verefication visuelle
P68,RADIOSPARE,,,,,,,,,,,,,,,
P69,DEUTSCH,,1062-12-0222,270610960,4,"6,35 à 7,62",≥311,,,,,,,,,
,,,1062-12-0222,270610960,6,"6,35 à 7,62",≥311,,,,,,,,,
,,,1060-12-0222,270613570,4,"6,35 à 7,62",≥311,,,,,,,,,
,,,1060-12-0222,270613570,6,"6,35 à 7,62",≥311,,,,,,,,,
P70,TYCO,539 651-2/A,962876-1,270611160,0.5,3.8,≥ 60,97,89,94,100,101,5/26/2025,,,
,,,962876-1,270611160,0.75,3.8,,120,114,130,115,99,,,,
,,,962876-1,270611160,1,3.8,≥ 100,150,154,125,154,145,,,,
P71,JST,X116996,SXH-001T-P0.6,270611430,0.08,"2,1 à 2,6","≥ 9,8",,,,,,5/26/2025,,,
,,,SXH-001T-P0.6,270611430,0.12,"2,1 à 2,6","≥ 19,6",,,,,,,,,
,,,SXH-001T-P0.6,270611430,0.22,"2,1 à 2,6","≥ 29,4",,,,,,,,,
,,,SXH-001T-P0.6,270611430,0.32,"2,1 à 2,6","≥ 39,2",74,80,63,83,75,,,,
P72,JST,,SVF-81T-P2.0,270611340,3.5,"5 à 5,5",≥ 150,,,,,,,,,manque cosse
P73,JST,,SVF-61T-P2.0,270611400,0.5,"5 à 5,5",≥ 65,,,,,,,,,manque cosse
,,,SVF-61T-P2.0,270611400,0.75,"5 à 5,5",≥ 80,,,,,,,,,
,,,SVF-61T-P2.0,270611400,1.25,"5 à 5,5",≥ 100,,,,,,,,,
,,,SVF-61T-P2.0,270611400,2,"5 à 5,5",≥ 150,,,,,,,,,
P74+P75,DEUTSCH,DTT-12-00,1062-12-0166,270600880,2,"6,35 à 7,62",≥ 222,,,,,,5/26/2025,,,
,,,1062-12-0166,270600880,2.5,"6,35 à 7,63",≥ 222,,,,,,,,,
,,,1062-12-0166,270600880,4,"6,35 à 7,64",≥311,,,,,,,,,
,,,1060-12-0166,270600870,2,"6,35 à 7,65",≥ 222,,,,,,,,,
,,,1060-12-0166,270600870,2.5,"6,35 à 7,66",≥ 222,247,266,226,240,245,,,,
,,,1060-12-0166,270600870,4,"6,35 à 7,67",≥311,325,380,353,333,345,,,,
P76,TYCO,539 679-2/B,929990-1,270609790,1,"4,7 à 5,3",≥ 100,,,,,,5/26/2025,,,
,,,929990-1,270609790,1.5,"4,7 à 5,3",≥ 150,267,314,317,278,306,,,,
,,,929990-1,270609790,2.5,"4,7 à 5,3",≥ 200,387,412,490,345,360,,,,
,,,1703014-1,270609800,1,"4,7 à 5,3",≥ 100,,,,,,,,,
,,,1703014-1,270609800,1.5,"4,7 à 5,3",≥ 150,200,230,222,190,201,,,,
,,,1703014-1,270609800,2.5,"4,7 à 5,3",≥ 200,300,354,401,250,299,,,,
P77,,,,,,,,,,,,,,,,
P78,TYCO,91522-1,794229-1,270610250,0.35,"3,2 à 3,71","≥ 48,9",,,,,,,,,cosse -50 pieces
,,,794229-1,270610250,0.5,"3,2 à 3,71","≥ 57,8",,,,,,,,,
,,,794229-1,270610250,0.75,"3,2 à 3,71","≥ 66,7",,,,,,,,,
P79,TYCO,1579024-3,929989-1,270609770,0.5,"4,2 à 4,8",≥ 60,93,97,102,104,99,5/26/2025,,,
,,,929989-1,270609770,0.75,"4,2 à 4,8",,16,122,129,131,117,,,,
,,,929989-1,270609770,1,"4,2 à 4,8",≥ 100,132,146,138,130,141,,,,
,,,1703013-1,270609780,0.5,"4,2 à 4,8",≥ 60,96,101,105,94,95,,,,
,,,1703013-1,270609780,0.75,"4,2 à 4,8",,120,131,125,112,107,,,,
,,,1703013-1,270609780,1,"4,2 à 4,8",≥ 100,145,137,134,129,132,,,,
,,,929974-1,270607170,0.5,"4,2 à 4,8",≥ 60,,,,,,,,,
,,,929974-1,270607170,0.75,"4,2 à 4,8",,,,,,,,,,
,,,929974-1,270607170,1,"4,2 à 4,8",≥ 100,,,,,,,,,
,,,929967-1,270607160,0.5,"4,2 à 4,8",≥ 60,,,,,,,,,
,,,929967-1,270607160,0.75,"4,2 à 4,8",,,,,,,,,,
,,,929967-1,270607160,1,"4,2 à 4,8",≥ 100,,,,,,,,,
,,,929975-1,270607840,1,"5,2 à 5,8",≥ 100,,,,,,,,,
,,,929975-1,270607840,1.5,"5,2 à 5,8",≥ 150,,,,,,,,,
,,,929975-1,270607840,2.5,"5,2 à 5,8",≥ 200,,,,,,,,,
,,,929968-1,270607860,1,"5,2 à 5,8",≥ 100,,,,,,,,,
,,,929968-1,270607860,1.5,"5,2 à 5,8",≥ 150,,,,,,,,,
,,,929968-1,270607860,2.5,"5,2 à 5,8",≥ 200,,,,,,,,,
P80,DEUTSCH,438-521,1062-12-0222,270610960,4,"6,35 à 7,62",≥311,,,,,,5/26/2025,,,
,,,1062-12-0222,270610960,6,"6,35 à 7,62",≥311,,,,,,,,,
,,,1060-12-0222,270613570,4,"6,35 à 7,62",≥311,311,120,326,134,317,,,,
,,,1060-12-0222,270613570,6,"6,35 à 7,62",≥311,335,343,340,341,350,,,,
P81,DEUTSCH,609,1062-16-1222,270610680,1,"3,8 à 5,08",≥ 111,,,,,,5/26/2025,,,
,,,1062-16-1222,270610680,1.5,"3,8 à 5,08",≥ 111,,,,,,,,,
,,,1062-16-1222,270610680,2,"3,8 à 5,08",≥ 111,,,,,,,,,
,,,1062-16-1222,270610680,2.5,"3,8 à 5,08",≥ 111,,,,,,,,,
,,,1060-16-1222,270610660,1,"3,8 à 5,08",≥ 111,,,,,,,,,
,,,1060-16-1222,270610660,1.5,"3,8 à 5,08",≥ 111,139,144,152,147,140,,,,
,,,1060-16-1222,270610660,2,"3,8 à 5,08",≥ 111,171,182,187,175,169,,,,
,,,1060-16-1222,270610660,2.5,"3,8 à 5,08",≥ 111,259,261,246,288,277,,,,
,,,1062-20-0622,270623580,1,"3,81 à 5,08",≥ 89,,,,,,,,,manque cosse
,,,1062-20-0622,270623580,1.5,"3,81 à 5,08",≥ 89,,,,,,,,,
,,,1062-20-0622,270623580,2,"3,81 à 5,08",≥ 89,,,,,,,,,
,,,1062-20-0622,270623580,2.5,"3,81 à 5,08",≥ 89,,,,,,,,,
P82,AMPHENOL,1622,,,,,,,,,,,,,,
P83,AMPHENOL,1623MFX-3954,SP20M2F,270612020,0.35,4.5,≥ 36,53,49,39,61,48,4/15/2025,,,
,,,SP20M2F,270612020,0.5,4.5,≥ 58,71,65,48,60,75,,,,
,,,SP16M1F,270612030,0.75,4,≥ 89,123,127,96,118,120,,,,
,,,SP16M1F,270612030,1,4,≥ 105,147,140,160,171,149,,,,
,,,SP16M1F,270612030,1.5,4,≥ 134,163,177,170,168,163,,,,
P84,,,770854-1,270600650,0.5,5.1,,,,,,,,,,
,,,770854-1,270600650,0.75,5.1,,,,,,,,,,
,,,770854-1,270600650,1,5.1,,,,,,,,,,
,,,770854-1,270600650,1.5,5.1,,,,,,,,,,
P85,TYCO,539 955-2/A,1241412-3,270612970,0.5,"3,9 à 4,5",≥ 60,94,99,101,102,97,5/26/2025,,,cosse -50 pieces
,,,1241412-3,270612970,0.75,"3,9 à 4,5",≥ 85,,,,,,,,,
,,,1241412-3,270612970,1,"3,9 à 4,5",≥ 140,141,138,131,143,135,,,,
P86,TYCO,539 757-2/A,1-962917-1,270612980,0.5,"4,7 à 5,3",≥ 60,81,90,84,79,94,5/27/2025,,,
,,,1-962917-1,270612980,0.75,"4,7 à 5,3",≥ 85,106,112,121,118,124,,,,
,,,1-962917-1,270612980,1,"4,7 à 5,3",≥ 140,135,141,130,128,139,,,,
P87,FCI,15S3F178060103,,270613350,1.5,,200,210,240,220,225,233,5/15/5025,,,
,,,,270613350,2,,230,240,250,255,259,251,,,,
,,,,270613350,2.5,,250,290,298,300,287,277,,,,
P88,DELPHI,13782656,12084200,270567114,0.3,"4 à 4,5",,,,,,,4/15/2025,,,
,,,12084200,270567114,0.5,"4 à 4,5",,,,,,,,,,
,,,12048074,270599000,0.5,"4 à 4,5",≥ 75,,,,,,,,,
,,,12048074,270599000,0.75,"4 à 4,5",≥ 120,112,98,120,135,99,,,,
,,,12048074,270599000,1,"4 à 4,5",≥ 160,140,170,160,135,150,,,,
P89,FCI,28S3F178061102,211CC3S2160,270613340,0.5,4.2,80,101,112,120,98,88,5/26/2025,,,
,,,211CC3S2160,270613340,0.75,4.2,140,141,150,148,155,157,,,,
P90,TYCO,1454509-2,3-1447221-4,270613280,0.5,"3,5 à 4,5",≥ 50,86,92,93,87,81,5/27/2025,,,
P91,FCI,15S3F178060103,,270613350,0.35,"3,5 à 4,5",75,59,63,70,57,65,5/27/2025,,,
,,,,270613350,0.75,,75,110,121,104,99,115,,,,
,,,,270617450,1.35,,200,210,211,222,215,230,,,,
,,,,270617450,2,,230,245,233,238,250,248,,,,
,,,,,,,,,,,,,,,,
P92,TYCO,4-1579001-7/C,,,,,,,,,,,,,,
P93,FCI,28S3F178061103,211CC3S2160,270617460,1.5,4.2,200,210,212,220,225,230,5/28/2025,,,cosse 270613340  -50 pieces
,,,211CC3S2160,270617460,2.5,4.2,230,267,251,258,270,273,,,,
,,,211CC3S2160,270613340,0.5,4.2,80,,,,,,,,,
,,,211CC3S2160,270613340,0.75,4.2,140,,,,,,,,,
P94,DELPHI,13782683,,,,,,,,,,,,,,
P95,TYCO,4-1579001-6/C,7-1452668-1,270620980,0.5,"3,3 à 3,9",≥ 60,,,,,,,,,manque cosse
,,,7-1452668-1,270620980,0.75,"3,3 à 3,9",≥ 85,,,,,,,,,
,,,7-1452668-1,270618550,0.5,"3,3 à 3,9",≥ 60,,,,,,,,,
,,,7-1452668-1,270618550,0.75,"3,3 à 3,9",≥ 85,,,,,,,,,
P96,ITT CANNON,121586-5237,192900-0003,270613780,0.75,"3,7 à 4,2",,121,119,125,110,115,5/31/2025,,,cosse -50 pieces
,,,192900-0003,270613780,1,"3,7 à 4,2",,144,136,129,133,142,,,,
,,,192900-0003,270613780,1.5,"3,7 à 4,2",,164,170,166,159,175,,,,
P97,TYCO,58628-2,,270614220,0.5,,,80,79,91,87,90,5/31/2025,,,
,,,,270614220,1,,,134,128,126,140,132,,,,
,,,,270614220,1.5,,,161,166,158,170,164,,,,
P98,,,,,,,,,,,,,,,,
P99,TYCO,58421-2,175030-1,270614560,,"3,5 à 4,5",,,,,,,,,,manque cosse
,,,175030-1,270614560,,"3,5 à 4,5",,,,,,,,,,
,,,175030-1,270614560,,"3,5 à 4,5",,,,,,,,,,
P100,WEIDMULLER,,MEC7190766,270600100,0.5,,95,107,99,102,97,106,5/31/2025,,,270607660 cossse manquer
,,,MEC7190766,270600100,75,,120,129,133,127,125,130,,,,
,,,MEC7190766,270600100,1,,140,144,149,151,154,160,,,,
,,,MEC7190766,270607670,1.5,,190,195,204,207,197,198,,,,
,,,MEC7190766,270567004,4,,,295,309,321,330,329,,,,
,,,MEC7190766,270567004,6,,,336,341,328,330,346,,,,
,,,MEC7190766,270607660,0.34,,≥ 60,,,,,,,,,
,,,MEC7190766,270607660,0.5,,≥ 95,,,,,,,,,
,,,MEC7190766,270607660,0.6,,≥ 100,,,,,,,,,
,,,MEC7190766,270607660,0.75,,≥ 120,,,,,,,,,
,,,MEC7190766,270607660,1.00,,≥ 140,,,,,,,,,
,,,MEC7190766,270607660,1.50,,≥ 190,,,,,,,,,
P101,FCI AMPHENOL,155089-1-A,,,,,,,,,,,,,,manque cosse
P102,JST,WC-260,SEH-001T-P0.6,923926200,0.05,,,,,,,,6/1/2025,,,
,,,SEH-001T-P0.6,923926200,0.08,,,,,,,,,,,
,,,SEH-001T-P0.6,923926200,0.12,,,,,,,,,,,
,,,SEH-001T-P0.6,923926200,0.22,,,,,,,,,,,
,,,SEH-001T-P0.6,923926200,0.32,,,58,62,55,57,64,,,,
P103,TYCO,758,1-962916-1,270616730,1.5,"4,7 à 5,3",≥ 150,,,,,,,,,manque cosse
,,,,,2.5,"4,7 à 5,3",≥ 200,,,,,,,,,
,,,,,0.5,"3,9 à 4,5",≥ 60,,,,,,,,,
,,,,,0.75,"3,9 à 4,5",≥ 85,,,,,,,,,
,,,,,1,"3,9 à 4,5",≥ 108,,,,,,,,,
103,molex,,,,,,,,,,,,9/9/2025,,,
P104,TYCO,4-1579001-1/A,1418762-1,270614910,1,"3,3 à 3,9",≥ 108,,,,,,,,,cosse -50 pieces
,,,1418762-1,270614910,1.5,"3,3 à 3,9",≥ 150,,,,,,,,,
P105,TYCO,G1145037,,,,,,,,,,,,,,
P106,AMPHENOL,F745266,,270614360,0.35,,,61,59,65,70,58,6/2/2025,,,
,,,,270614360,0.5,,,89,91,96,95,88,,,,
,,,,270617330,1,,,124,134,129,137,142,,,,
,,,,270617330,1.5,,,161,152,159,168,170,,,,
,,,,,,,,,,,,,,,,
P107,TYCO,A1831,3-1447221-3,270613320,0.75,"3,5 à 4,5",≥ 90,91,88,95,85,87,6/2/2025,,,
,,,3-1447221-3,270613320,0.85,"3,5 à 4,5",≥ 110,141,137,129,144,138,,,,
,,,3-1447221-3,270613320,1.25,"3,5 à 4,5",,,,,,,,,,
P108,AMPHENOL,HT-8656-3005,76347-301LF,270614750,0.35,"2,75 à 3,25",,70,57,66,64,59,6/2/2025,,,
,,,76347-301LF,270614750,0.5,"2,75 à 3,25",,89,91,94,97,88,,,,
,,,76347-301LF,270614750,,"2,75 à 3,25",,,,,,,,,,
P109,MOLEX,ES13888,64322-1039,270616670,0.5,"3,4 à 3,6",≥ 70,94,91,87,84,95,6/2/2025,,,manque cosse 270617050
,,,64322-1039,270616670,0.75,"3,4 à 3,6",≥ 90,121,109,118,124,115,,,,
,,,64322-1039,270617050,,,,,,,,,,,,
P110,MOLEX,ES77322,64323-1029,270616680,0.5,4.5,≥ 70,90,81,79,85,89,6/2/2025,,,
,,,64323-1029,270616680,0.75,4.5,≥ 90,,,,,,,,,
,,,64323-1029,270616680,1,4.5,≥ 115,131,125,119,125,134,,,,
P111,DELPHI,,,,,,,,,,,,,,,
P112,TYCO,91337-2,,,,,,,,,,,,,,manque cosse
P113,DELPHI,,10757690,270616200,0.5,,≥ 75,,,,,,,,,cosse -50 pieces
,,,10757690,270616200,0.75,,≥ 120,,,,,,,,,
,,,10757690,270616200,1,,≥ 160,,,,,,,,,
P114,DELPHI,13782705,13627884,270616220,0.35,4.6,≥ 50,57,62,70,66,59,,,,
,,,13627884,270616220,0.5,4.6,≥ 75,92,96,89,94,97,,,,
P115,TYCO,2119118-2,,270616780,0.75,,,109,121,130,115,99,6/3/2025,,,
,,,,270616780,1.5,,,162,159,170,174,165,,,,
P116,MOLEX,63811-6170,,,,,,,,,,,,,,manque cosse
P117,MOLEX,63811-6200,,270616820,0.5,,,87,93,89,96,99,6/3/2025,,,
,,,,270616820,0.75,,,105,115,120,99,102,,,,
P118,JST,,,,,,,,,,,,,,,manque cosse
P119,WEIDMULLER,,,,,,,,,,,,,,,manque cosse
P120,WEIDMULLER,,,,,,,,,,,,,,,manque cosse
P121,MOLEX,63819-3470,64324-1049,270617070,0.5,"4,9 à 5,1",≥ 70,86,92,97,90,89,6/3/2025,,,
,,,64324-1049,270617070,0.75,"4,9 à 5,1",≥ 90,109,120,126,119,105,,,,
,,,64324-1049,270617070,1,"4,9 à 5,1",≥ 115,,,,,,,,,
P122,TYCO,,,,,,,,,,,,,,,
P123,,,,270608150,,,,,,,,,6/3/2025,,,manque cosse
,,,,270608480,1,,,130,142,129,138,149,,,,
,,,,270599130,1.5,,,174,181,159,167,160,,,,
P124,MOLEX,63827-9570,,,,,,,,,,,,,,
P125 BIS,,,,23002468,0.34,,68,82,79,87,85,88,6/3/2025,,,
P125,RADIOSPARE,,,,,,,,,,,,,,,manque cosse
P126,BINDER,071/123,,270567620,,,,,,,,,6/3/2025,,,manque cosse
,,,,270567620,,,,,,,,,,,,
,,,,270599130,,,,166,172,184,190,179,,,,
,,,,270608150,,,,,,,,,,,,manque cosse
P127,MOLEX,638190800D,,,,,,,,,,,,,,
P128,JST,SPH-00T-P05S,SPH-002T-P0.5S,270567800,0.05,,,,,,,,,,,manque cosse
,,,SPH-002T-P0.5S,270567800,0.08,,,,,,,,,,,
,,,SPH-002T-P0.5S,270567800,0.12,,≥ 13,,,,,,,,,
,,,SPH-002T-P0.5S,270567800,0.22,,≥ 22,,,,,,,,,
P129,MOLEX,638118200F,,,,,,,,,,,,,,
P130,MOLEX,63811-6500,08-70-1031,92393330,,,,,,,,,,,,
,,,08-70-1031,923922200,,"3 à 3,5","≥ 88,2",,,,,,,,,
,,,,,,"3 à 3,5","≥ 58,8",,,,,,,,,
,,,,,,"3 à 3,5","≥ 39,2",,,,,,,,,
,,,,,,"3 à 3,5","≥ 29,4",,,,,,,,,
P131,TYCO,539 663-2/A,,,,,,,,,,,,,,
P132,MOLEX,H546970922119,,270622840,,,,,,,,,,,,manque cosse
P133,MOLEX,63811-6870,64324-1029,270622710,2.5,"4,9 à 5,1",≥ 235,,,,,,,,,manque cosse
,,,64324-1029,270622710,3,"4,9 à 5,1",≥ 260,,,,,,,,,
P134,MOLEX,63811-9770,64324-1039,270617150,1.5,"4,9 à 5,1",≥ 155,,,,,,,,,manque cosse
,,,64324-1039,270617150,2,"4,9 à 5,1",≥ 195,,,,,,,,,
P135,MOLEX,J416137,64323-1039,270617060,1.5,4.5,≥ 155,,,,,,,,,manque cosse
,,,64323-1039,270617060,2,4.5,≥ 195,,,,,,,,,
P136,,M22520/1-02,0151081-20-1G,923927200,0.5,7,≥ 60,,,,,,,,,
,,,0151081-20-1G,923927200,0.75,7,,,,,,,,,,
,,,0151081-20-1G,923927200,1,7,,,,,,,,,,
,,,0151081-20-1G,923927200,1.5,7,,,,,,,,,,
,,,0151081-20-1G,923927200,2.5,7,,,,,,,,,,
P137,,638190000G,43030-0010,270619860,0.05,"2,54 à 2,92","≥ 6,6",,,,,,10/13/2024,,,cosse -50 pieces
,,,43030-0010,270619860,0.08,"2,54 à 2,92","≥ 8,9",,,,,,,,,
,,,43030-0010,270619860,0.12,"2,54 à 2,92","≥ 13,3",,,,,,,,,
,,,43030-0001,270624420,0.2,"2,54 à 2,92","≥ 22,2",,,,,,,,,
,,,43030-0001,270624420,0.34,"2,54 à 2,92","≥ 35,6",68,88,48,83,55,,,,
,,,43030-0001,270624420,0.5,"2,54 à 2,92","≥ 57,8",113,103,103,82,93,,,,
,,,43030-0008,270568030,0.2,"2,54 à 2,92","≥ 22,2",,,,,,,,,manque cosse
,,,43030-0008,270568030,0.34,"2,54 à 2,92","≥ 35,6",,,,,,,,,
,,,43030-0008,270568030,0.5,"2,54 à 2,92","≥ 57,8",,,,,,,,,
,,,43031-0001,270624410,0.2,"2,54 à 2,92","≥ 22,2",,,,,,,,,manque cosse
,,,43031-0001,270624410,0.34,"2,54 à 2,92","≥ 35,6",,,,,,,,,
,,,43031-0001,270624410,0.5,"2,54 à 2,92","≥ 57,8",,,,,,,,,
,,,43031-0007,270624430,0.2,"2,54 à 2,92","≥ 22,2",,,,,,,,,
,,,43031-0007,270624430,0.34,"2,54 à 2,92","≥ 35,6",45,40,61,57,76,,,,
,,,43031-0007,270624430,0.5,"2,54 à 2,92","≥ 57,8",71,69,83,76,80,,,,
P138,Amphenol,L470459,VN0201600021,270626480,0.5,"3,5 a 4,5",75,,,,,,7/9/2025,,,
,,,VN0201600021,270626480,1,"3,5 a 4,5",150,,,,,,,,,
,,,VN0201600021,270626480,1.5,"3,5 a 4,5",220,,,,,,,,,
P200,JST,SPH002T-P05s,SPH-002T-P0.5S,270567800,0.05,,,,,,,,10/13/2024,,,
,,,SPH-002T-P0.5S,270567800,0.08,,,,,,,,,,,verefication visuelle
,,,SPH-002T-P0.5S,270567800,0.12,,≥ 13,,,,,,,,,cosse -50 pieces
,,,SPH-002T-P0.5S,270567800,0.22,,≥ 22,,,,,,,,,
P210,WEIDMULLER,,,,,,,,,,,,,,,
P340,,,0462-203-04141,270613240,13-16,"10,92 à 12,50",≥ 1334,,,,,,,,,
,,,0460-204-0490,270613240,13-16,"10,92 à 12,50",≥ 1330,,,,,,,,,
,,,0462-203-08141,270567074,5-6,"10,92 à 12,50",≥ 400,,,,,,,,,
,,,0462-203-08141,270567074,8,"10,92 à 12,50",≥ 556,,,,,,,,,
,,,0462-203-08141,270567046,5-6,"10,92 à 12,50",≥ 400,,,,,,,,,
,,,0462-203-08141,270567046,8,"10,92 à 12,50",≥ 556,,,,,,,,,